{"_step":2,"epoch":3,"train_loss":0.3605016767978668,"_wandb":{"runtime":98},"_runtime":98,"val_loss":9.844682693481445,"_timestamp":1.7542898741541317e+09}