{"_runtime":15815,"_timestamp":1.7543057593673484e+09,"_step":299,"epoch":300,"train_loss":0.001234879469848238,"val_loss":0.0009400843409821391,"_wandb":{"runtime":15815}}