{"train_loss":0.13028377294540405,"val_loss":0.20981210470199585,"_wandb":{"runtime":315},"_runtime":315,"_timestamp":1.754289326224097e+09,"_step":6,"epoch":7}