{"train_loss":0.9695673137903214,"val_loss":0.8460009694099426,"_timestamp":1.754288579615598e+09,"_wandb":{"runtime":29},"_runtime":29,"_step":0,"epoch":1}