{"_step":0,"epoch":1,"train_loss":0.851154237985611,"val_loss":0.9614463448524475,"_wandb":{"runtime":26},"_runtime":26,"_timestamp":1.7542889589972925e+09}